{
  "W": [
    [
      0.8782179570691038,
      -0.2879548306319591,
      0.10080545366567169,
      0.12793132396393694,
      -0.1486671361650862,
      0.004743022095560325
    ],
    [
      0.057194956680069894,
      0.9320648698434683,
      0.10172630908086253,
      0.013354426271228077,
      0.03326343886271122,
      -0.003242470813835673
    ],
    [
      0.051082884001024266,
      0.20304536795113506,
      0.5838987475958886,
      0.13649763457743155,
      0.04057695186184819,
      -0.005504736493199495
    ],
    [
      0.13183394506825513,
      0.454257558156011,
      0.10984611815513105,
      0.6232111663169063,
      0.07849197111089871,
      -0.002527917966802883
    ],
    [
      -0.11833438960394314,
      -0.3014203019794214,
      0.10054061043054863,
      0.09898852599334809,
      0.9963277586740197,
      0.0029078146623278977
    ],
    [
      0.0,
      0.0,
      0.0,
      0.0,
      0.0,
      1.0
    ]
  ],
  "b": [
    -8.8804429654703e-05,
    2.8271403813232023e-05,
    7.737449110129428e-05,
    3.347751695651742e-05,
    -5.4827911026932186e-05,
    0.0
  ],
  "W_diag": [
    0.8782179570691038,
    0.9320648698434683,
    0.5838987475958886,
    0.6232111663169063,
    0.9963277586740197,
    1.0
  ]
}