{
  "1_baseline": {
    "det": 0.9839399813098236,
    "cls": 0.9642042420250699,
    "comb": 0.9780192595243975,
    "n": 72671
  },
  "2_ensemble_notta": {
    "det": 0.9828422715809769,
    "cls": 0.9593689864890083,
    "comb": 0.9758002860533863,
    "n": 54723
  },
  "3_ensemble_best_tta_last_notta": {
    "det": 0.9839429869215531,
    "cls": 0.9642060595620029,
    "comb": 0.978021908713688,
    "n": 72559
  },
  "4_ensemble_both_tta": {
    "det": 0.9839429869215531,
    "cls": 0.9642060799760059,
    "comb": 0.9780219148378889,
    "n": 72555
  },
  "5_ensemble_nms05": {
    "det": 0.9838040341704987,
    "cls": 0.9612061132553339,
    "comb": 0.9770246578959492,
    "n": 64535
  },
  "6_last_tta_solo": {
    "det": 0.9839399813098236,
    "cls": 0.9642042420250699,
    "comb": 0.9780192595243975,
    "n": 72671
  }
}